[{
      "name": "Australia",
      "cities": ["New South Wales","Victoria"]
    },
    {
      "name": "Austria",
      "cities": ["Burgenland", "Kaernten", "Niederoesterreich", "Oberoesterreich", "Salzburg", "Steiermark", "Tirol", "Vorarlberg", "Wien"]
    },
    {
      "name": "Bangladesh",
      "cities": ["Barisal", "Chittagong", "Dhaka", "Khulna", "Rajshahi", "Sylhet"]
    },
    {
      "name": "Barbados",
      "cities": ["Christ Church", "Saint Andrew", "Saint George", "Saint James", "Saint John", "Saint Joseph", "Saint Lucy", "Saint Michael", "Saint Peter", "Saint Philip", "Saint Thomas"]
    },
    {
      "name": "Belarus",
      "cities": ["Brest", "Homyel", "Horad Minsk", "Hrodna", "Mahilyow", "Minsk", "Vitsyebsk"]
    },
    {
      "name": "Belgium",
      "cities": ["Antwerpen", "Brabant Wallon", "Brussels", "Flanders", "Hainaut", "Liege", "Limburg", "Luxembourg", "Namur", "Oost-Vlaanderen", "Vlaams-Brabant", "Wallonia", "West-Vlaanderen"]
    },
    {
      "name": "Brazil",
      "cities": ["Acre", "Alagoas", "Amapa", "Amazonas", "Bahia", "Ceara", "Distrito Federal", "Espirito Santo", "Goias", "Maranhao", "Mato Grosso", "Mato Grosso do Sul", "Minas Gerais", "Para", "Paraiba", "Parana", "Pernambuco", "Piaui", "Rio de Janeiro", "Rio Grande do Norte", "Rio Grande do Sul", "Rondonia", "Roraima", "Santa Catarina", "Sao Paulo", "Sergipe", "Tocantins"]
    },
    {
      "name": "Cameroon",
      "cities": ["Adamaoua", "Centre", "Est", "Extreme-Nord", "Littoral", "Nord", "Nord-Ouest", "Ouest", "Sud", "Sud-Ouest"]
    },
    {
      "name": "Canada",
      "cities": ["Alberta", "British Columbia", "Manitoba", "New Brunswick", "Newfoundland and Labrador", "Northwest Territories", "Nova Scotia", "Nunavut", "Ontario", "Prince Edward Island", "Quebec", "Saskatchewan", "Yukon Territory"]
    },
    {
      "name": "Denmark",
      "cities": ["Arhus", "Bornholm", "Frederiksberg", "Frederiksborg", "Fyn", "Kobenhavn", "Kobenhavns", "Nordjylland", "Ribe", "Ringkobing", "Roskilde", "Sonderjylland", "Storstrom", "Vej"]
      },
    {
      "name": "Eritrea",
      "cities": ["Anseba", "Debub", "Debubawi K'eyih Bahri", "Gash Barka", "Ma'akel", "Semenawi Keyih Bahri"]
    },
    {
      "name": "Estonia",
      "cities": ["Harjumaa (Tallinn)", "Hiiumaa (Kardla)", "Ida-Virumaa (Johvi)", "Jarvamaa (Paide)", "Jogevamaa (Jogeva)", "Laanemaa (Haapsalu)", "Laane-Virumaa (Rakvere)", "Parnumaa (Parnu)", "Polvamaa (Polva)", "Raplamaa (Rapla)", "Saaremaa (Kuressaare)", "Tartumaa (Tartu)", "Valgamaa (Valga)", "Viljandimaa (Viljandi)", "Vorumaa (Voru)"]
    },
    {
      "name": "Finland",
      "cities": ["Aland", "Etela-Suomen Laani", "Ita-Suomen Laani", "Lansi-Suomen Laani", "Lappi", "Oulun Laani"]
    },
    {
      "name": "France",
      "cities": ["Alsace", "Aquitaine", "Auvergne", "Basse-Normandie", "Bourgogne", "Bretagne", "Centre", "Champagne-Ardenne", "Corse", "Franche-Comte", "Haute-Normandie", "Ile-de-France", "Languedoc-Roussillon", "Limousin", "Lorraine", "Midi-Pyrenees", "Nord-Pas-de-Calais", "Pays de la Loire", "Picardie", "Poitou-Charentes", "Provence-Alpes-Cote d'Azur", "Rhone-Alpes"]
    },
    {
      "name": "Germany",
      "cities": ["Baden-Wuerttemberg", "Bayern", "Berlin", "Brandenburg", "Bremen", "Hamburg", "Hessen", "Mecklenburg-Vorpommern", "Niedersachsen", "Nordrhein-Westfalen", "Rheinland-Pfalz", "Saarland", "Sachsen", "Sachsen-Anhalt", "Schleswig-Holstein", "Thueringen"]
    },
    {
      "name": "India",
      "cities": ["Andaman and Nicobar Islands", "Andhra Pradesh", "Arunachal Pradesh", "Assam", "Bihar", "Chandigarh", "Chhattisgarh", "Dadra and Nagar Haveli", "Daman and Diu", "Delhi", "Goa", "Gujarat", "Haryana", "Himachal Pradesh", "Jammu and Kashmir", "Jharkhand", "Karnataka", "Kerala", "Lakshadweep", "Madhya Pradesh", "Maharashtra", "Manipur", "Meghalaya", "Mizoram", "Nagaland", "Orissa", "Pondicherry", "Punjab", "Rajasthan", "Sikkim", "Tamil Nadu", "Tripura", "Uttaranchal", "Uttar Pradesh", "West Bengal"]
    },
    {
      "name": "Japan",
      "cities": ["Aichi", "Akita", "Aomori", "Chiba", "Ehime", "Fukui", "Fukuoka", "Fukushima", "Gifu", "Gumma", "Hiroshima", "Hokkaido", "Hyogo", "Ibaraki", "Ishikawa", "Iwate", "Kagawa", "Kagoshima", "Kanagawa", "Kochi", "Kumamoto", "Kyoto", "Mie", "Miyagi", "Miyazaki", "Nagano", "Nagasaki", "Nara", "Niigata", "Oita", "Okayama", "Okinawa", "Osaka", "Saga", "Saitama", "Shiga", "Shimane", "Shizuoka", "Tochigi", "Tokushima", "Tokyo", "Tottori", "Toyama", "Wakayama", "Yamagata", "Yamaguchi", "Yamanashi"]
    },
    {
      "name": "Kenya",
      "cities": ["Central", "Coast", "Eastern", "Nairobi Area", "North Eastern", "Nyanza", "Rift Valley", "Western"]
    },
    {
      "name": "Liberia",
      "cities": ["Bomi", "Bong", "Gbarpolu", "Grand Bassa", "Grand Cape Mount", "Grand Gedeh", "Grand Kru", "Lofa", "Margibi", "Maryland", "Montserrado", "Nimba", "River Cess", "River Gee", "Sinoe"]
    },
    {
      "name": "Malaysia",
      "cities": ["Johor", "Kedah", "Kelantan", "Kuala Lumpur", "Labuan", "Malacca", "Negeri Sembilan", "Pahang", "Perak", "Perlis", "Penang", "Sabah", "Sarawak", "Selangor", "Terengganu"]
    },
    {
      "name": "Namibia",
      "cities": ["Caprivi", "Erongo", "Hardap", "Karas", "Khomas", "Kunene", "Ohangwena", "Okavango", "Omaheke", "Omusati", "Oshana", "Oshikoto", "Otjozondjupa"]
    },
    {
      "name": "Oman",
      "cities": ["Ad Dakhiliyah", "Al Batinah", "Al Wusta", "Ash Sharqiyah", "Az Zahirah", "Masqat", "Musandam", "Dhofar"]
    },
    {
      "name": "Pakistan",
      "cities": ["Balochistan", "North-West Frontier Province", "Punjab", "Sindh", "Islamabad Capital Territory", "Federally Administered Tribal Areas"]
    },
    {
      "name": "Qatar",
      "cities": ["Ad Dawhah", "Al Ghuwayriyah", "Al Jumayliyah", "Al Khawr", "Al Wakrah", "Ar Rayyan", "Jarayan al Batinah", "Madinat ash Shamal", "Umm Sa'id", "Umm Salal"]
    },
    {
      "name": "Romania",
      "cities": ["Alba", "Arad", "Arges", "Bacau", "Bihor", "Bistrita-Nasaud", "Botosani", "Braila", "Brasov", "Bucuresti", "Buzau", "Calarasi", "Caras-Severin", "Cluj", "Constanta", "Covasna", "Dimbovita", "Dolj", "Galati", "Gorj", "Giurgiu", "Harghita", "Hunedoara", "Ialomita", "Iasi", "Ilfov", "Maramures", "Mehedinti", "Mures", "Neamt", "Olt", "Prahova", "Salaj", "Satu Mare", "Sibiu", "Suceava", "Teleorman", "Timis", "Tulcea", "Vaslui", "Vilcea", "Vrancea"]
    },
    {
      "name": "Saudi Arabia",
      "cities": ["Al Bahah", "Al Hudud ash Shamaliyah", "Al Jawf", "Al Madinah", "Al Qasim", "Ar Riyad", "Ash Sharqiyah", "'Asir", "Ha'il", "Jizan", "Makkah", "Najran", "Tabuk"]
    },
    {
      "name": "Thailand",
      "cities": ["Amnat Charoen", "Ang Thong", "Buriram", "Chachoengsao", "Chai Nat", "Chaiyaphum", "Chanthaburi", "Chiang Mai", "Chiang Rai", "Chon Buri", "Chumphon", "Kalasin", "Kamphaeng Phet", "Kanchanaburi", "Khon Kaen", "Krabi", "Krung Thep Mahanakhon", "Lampang", "Lamphun", "Loei", "Lop Buri", "Mae Hong Son", "Maha Sarakham", "Mukdahan", "Nakhon Nayok", "Nakhon Pathom", "Nakhon Phanom", "Nakhon Ratchasima", "Nakhon Sawan", "Nakhon Si Thammarat", "Nan", "Narathiwat", "Nong Bua Lamphu", "Nong Khai", "Nonthaburi", "Pathum Thani", "Pattani", "Phangnga", "Phatthalung", "Phayao", "Phetchabun", "Phetchaburi", "Phichit", "Phitsanulok", "Phra Nakhon Si Ayutthaya", "Phrae", "Phuket", "Prachin Buri", "Prachuap Khiri Khan", "Ranong", "Ratchaburi", "Rayong", "Roi Et", "Sa Kaeo", "Sakon Nakhon", "Samut Prakan", "Samut Sakhon", "Samut Songkhram", "Sara Buri", "Satun", "Sing Buri", "Sisaket", "Songkhla", "Sukhothai", "Suphan Buri", "Surat Thani", "Surin", "Tak", "Trang", "Trat", "Ubon Ratchathani", "Udon Thani", "Uthai Thani", "Uttaradit", "Yala", "Yasothon"]
    },
    {
      "name": "United States",
      "cities": ["Alabama", "Alaska", "Arizona", "Arkansas", "California", "Colorado", "Connecticut", "Delaware", "District of Columbia", "Florida", "Georgia", "Hawaii", "Idaho", "Illinois", "Indiana", "Iowa", "Kansas", "Kentucky", "Louisiana", "Maine", "Maryland", "Massachusetts", "Michigan", "Minnesota", "Mississippi", "Missouri", "Montana", "Nebraska", "Nevada", "New Hampshire", "New Jersey", "New Mexico", "New York", "North Carolina", "North Dakota", "Ohio", "Oklahoma", "Oregon", "Pennsylvania", "Rhode Island", "South Carolina", "South Dakota", "Tennessee", "Texas", "Utah", "Vermont", "Virginia", "Washington", "West Virginia", "Wisconsin", "Wyoming"]
    },
    {
      "name": "Vietnam",
      "cities": ["An Giang", "Bac Giang", "Bac Kan", "Bac Lieu", "Bac Ninh", "Ba Ria-Vung Tau", "Ben Tre", "Binh Dinh", "Binh Duong", "Binh Phuoc", "Binh Thuan", "Ca Mau", "Cao Bang", "Dac Lak", "Dac Nong", "Dien Bien", "Dong Nai", "Dong Thap", "Gia Lai", "Ha Giang", "Hai Duong", "Ha Nam", "Ha Tay", "Ha Tinh", "Hau Giang", "Hoa Binh", "Hung Yen", "Khanh Hoa", "Kien Giang", "Kon Tum", "Lai Chau", "Lam Dong", "Lang Son", "Lao Cai", "Long An", "Nam Dinh", "Nghe An", "Ninh Binh", "Ninh Thuan", "Phu Tho", "Phu Yen", "Quang Binh", "Quang Nam", "Quang Ngai", "Quang Ninh", "Quang Tri", "Soc Trang", "Son La", "Tay Ninh", "Thai Binh", "Thai Nguyen", "Thanh Hoa", "Thua Thien-Hue", "Tien Giang", "Tra Vinh", "Tuyen Quang", "Vinh Long", "Vinh Phuc", "Yen Bai", "Can Tho", "Da Nang", "Hai Phong", "Hanoi", "Ho Chi Minh"]
    },
    {
      "name": "Yemen",
      "cities": ["Abyan", "'Adan", "Ad Dali'", "Al Bayda'", "Al Hudaydah", "Al Jawf", "Al Mahrah", "Al Mahwit", "'Amran", "Dhamar", "Hadramawt", "Hajjah", "Ibb", "Lahij", "Ma'rib", "Sa'dah", "San'a'", "Shabwah", "Ta'izz"]
    },
    {
      "name": "Zimbabwe",
      "cities": ["Bulawayo", "Harare", "Manicaland", "Mashonaland Central", "Mashonaland East", "Mashonaland West", "Masvingo", "Matabeleland North", "Matabeleland South", "Midlands"]
    }]